insert into CATALOG (ID, NAME, DESCRIPTION, CREATED_USER, UPDATE_USER, CREATE_DATE, UPDATE_DATE)
values (1, 'BEYAZ ESYA', 'EN KALITELI EVINIZ ICIN', null, null, now(), now());
insert into CATALOG (ID, NAME, DESCRIPTION, CREATED_USER, UPDATE_USER, CREATE_DATE, UPDATE_DATE)
values (2, 'ELEKTRONIK', 'ELEKTRIKLI EV ALETLERI', null, null, now(), now());
insert into CATALOG (ID, NAME, DESCRIPTION, CREATED_USER, UPDATE_USER, CREATE_DATE, UPDATE_DATE)
values (3, 'TELEFON', 'TELEFON', null, null, now(), now());
insert into CATALOG (ID, NAME, DESCRIPTION, CREATED_USER, UPDATE_USER, CREATE_DATE, UPDATE_DATE)
values (4, 'KEDI', 'EVCIL KEDILER', null, null, now(), now());
insert into WAREHOUSE (ID, NAME, AREA, CITY, DISTRICT, ADDRESS, DESCRIPTION, CREATED_USER, UPDATE_USER, CREATE_DATE,
                       UPDATE_DATE)
values (1,'GEBZE DEPOSU','MARMARAYA BOLGESI','KOCAELI','GEBZE','MUALLIM KOY 3000.SOK NO:1','COK GENIS 2000METRE KARELIK OFIS',null,null,now(),now());
insert into WAREHOUSE (ID, NAME, AREA, CITY, DISTRICT, ADDRESS, DESCRIPTION, CREATED_USER, UPDATE_USER, CREATE_DATE,
                       UPDATE_DATE)
values (2,'TUZLA DEPOSU','MARMARAYA BOLGESI','ISTANBUL','TUZLA','SIFA MAH 3000.SOK NO:1','COK GENIS 1000M2 KARELIK OFIS',null,null,now(),now());
insert into WAREHOUSE (ID, NAME, AREA, CITY, DISTRICT, ADDRESS, DESCRIPTION, CREATED_USER, UPDATE_USER, CREATE_DATE,UPDATE_DATE)
values (3,'URFA DEPOSU','GUNEYDOGU BOLGESI','SANLIURFA','EYYUBIYE','SELCUKLU MAH 3000.SOK NO:8','COK GENIS 500M2 KARELIK OFIS',null,null,now(),now());

insert into PRODUCT (ID, NAME, DESCRIPTION, WAREHOUSE_ID, CATALOG_ID, STOCK_SIZE, STOCK_DOWN_LIMIT, CREATED_USER, UPDATE_USER, CREATE_DATE, UPDATE_DATE)
values (1,'SAMSUNG TV','AKILLI TV SAMSUNG',1,2,100,10,null,null,now(),now());

insert into PRODUCT (ID, NAME, DESCRIPTION, WAREHOUSE_ID, CATALOG_ID, STOCK_SIZE, STOCK_DOWN_LIMIT, CREATED_USER, UPDATE_USER, CREATE_DATE, UPDATE_DATE)
values (2,'LG TV','AKILLI TV LG',1,2,100,10,null,null,now(),now());

insert into PRODUCT (ID, NAME, DESCRIPTION, WAREHOUSE_ID, CATALOG_ID, STOCK_SIZE, STOCK_DOWN_LIMIT, CREATED_USER, UPDATE_USER, CREATE_DATE, UPDATE_DATE)
values (3,'CAMASIR','LG1234',1,1,100,10,null,null,now(),now());

insert into PRODUCT (ID, NAME, DESCRIPTION, WAREHOUSE_ID, CATALOG_ID, STOCK_SIZE, STOCK_DOWN_LIMIT, CREATED_USER, UPDATE_USER, CREATE_DATE, UPDATE_DATE)
values (4,'BULASIK','SAMSUNG1234',2,1,100,10,null,null,now(),now());

insert into PRODUCT (ID, NAME, DESCRIPTION, WAREHOUSE_ID, CATALOG_ID, STOCK_SIZE, STOCK_DOWN_LIMIT, CREATED_USER, UPDATE_USER, CREATE_DATE, UPDATE_DATE)
values (5,'BUZDOLABI','ARCELIK1234',3,1,100,10,null,null,now(),now());

insert into PRODUCT (ID, NAME, DESCRIPTION, WAREHOUSE_ID, CATALOG_ID, STOCK_SIZE, STOCK_DOWN_LIMIT, CREATED_USER, UPDATE_USER, CREATE_DATE, UPDATE_DATE)
values (6,'VAN KEDISI','BEYAZBEYAZ',2,4,100,10,null,null,now(),now());

insert into PRODUCT (ID, NAME, DESCRIPTION, WAREHOUSE_ID, CATALOG_ID, STOCK_SIZE, STOCK_DOWN_LIMIT, CREATED_USER, UPDATE_USER, CREATE_DATE, UPDATE_DATE)
values (7,'ANKARA KEDISI','ANKARA',3,4,100,10,null,null,now(),now());
insert into PRODUCT (ID, NAME, DESCRIPTION, WAREHOUSE_ID, CATALOG_ID, STOCK_SIZE, STOCK_DOWN_LIMIT, CREATED_USER, UPDATE_USER, CREATE_DATE, UPDATE_DATE)
values (8,'YABAN KEDISI','YABANYABAN',3,4,100,10,null,null,now(),now());